INSERT INTO dbo.Patient_Info (PatientID, FirstName, LastName, DateOfBirth)
VALUES ('1', 'John', 'Smith', '2001-01-01'),
        ('2', 'Noah', 'Johnson', '1994-05-21'),
        ('3', 'David', 'Brown', '1987-02-12'),
        ('4', 'Paul', 'Williams', '1965-12-04');

INSERT INTO dbo.Patient_Weight (PatientID, DateTimeTaken, WeightInPounds, IfManualInput)
VALUES ('1', '2023-01-01 08:00:00.000', 190.2, 1),
('1', '2023-01-01 08:00:00.000', 190.2, 1),
('1', '2023-01-02 08:00:00.000', 190.4, 0),
('1', '2023-01-03 08:00:00.000', 190.6, 1),
('1', '2023-01-04 08:00:00.000', 190.8, 1),
('1', '2023-01-05 08:00:00.000', 190.9, 0),
('1', '2023-01-06 08:00:00.000', 191.4, 1),
('1', '2023-01-07 08:00:00.000', 191.2, 1),
('1', '2023-01-08 08:00:00.000', 191.0, 0),
('1', '2023-01-09 08:00:00.000', 190.0, 1),
('1', '2023-01-10 08:00:00.000', 190.0, 1),
('1', '2023-01-11 08:00:00.000', 190.0, 0),
('1', '2023-01-12 08:00:00.000', 190.2, 1),
('1', '2023-01-13 08:00:00.000', 190.2, 0),
('1', '2023-01-14 08:00:00.000', 190.2, 0),
('1', '2023-01-15 08:00:00.000', 191.0, 0),
('1', '2023-01-16 08:00:00.000', 191.1, 1),
('1', '2023-01-17 08:00:00.000', 191.3, 1),
('1', '2023-01-18 08:00:00.000', 191.6, 1),
('1', '2023-01-19 08:00:00.000', 191.3, 0),
('1', '2023-01-20 08:00:00.000', 191.1, 1),
('1', '2023-01-21 08:00:00.000', 191.0, 1),
('1', '2023-01-22 08:00:00.000', 191.0, 0),
('1', '2023-01-23 08:00:00.000', 191.0, 1),
('1', '2023-01-24 08:00:00.000', 191.0, 1),
('1', '2023-01-25 08:00:00.000', 190.9, 0),
('1', '2023-01-26 08:00:00.000', 190.7, 0),
('1', '2023-01-27 08:00:00.000', 190.4, 1),
('1', '2023-01-28 08:00:00.000', 190.2, 1),
('1', '2023-01-29 08:00:00.000', 190.2, 0),
('1', '2023-01-30 08:00:00.000', 190.2, 0),
('1', '2023-01-31 08:00:00.000', 190.2, 1),
('2', '2023-03-01 08:00:00.000', 390.2, 1),
('2', '2023-03-01 08:00:00.000', 390.2, 1),
('2', '2023-03-02 08:00:00.000', 390.4, 0),
('2', '2023-03-03 08:00:00.000', 390.6, 1),
('2', '2023-03-04 08:00:00.000', 390.8, 1),
('2', '2023-03-05 08:00:00.000', 390.9, 0),
('2', '2023-03-06 08:00:00.000', 391.4, 1),
('2', '2023-03-07 08:00:00.000', 391.2, 1),
('2', '2023-03-08 08:00:00.000', 391.0, 0),
('2', '2023-03-09 08:00:00.000', 390.0, 1),
('2', '2023-03-10 08:00:00.000', 390.0, 1),
('2', '2023-03-11 08:00:00.000', 390.0, 0),
('2', '2023-03-12 08:00:00.000', 390.2, 1),
('2', '2023-03-13 08:00:00.000', 390.2, 0),
('2', '2023-03-14 08:00:00.000', 390.2, 0),
('2', '2023-03-15 08:00:00.000', 391.0, 0),
('2', '2023-03-16 08:00:00.000', 391.1, 1),
('1', '2023-03-17 08:00:00.000', 391.3, 1),
('1', '2023-03-18 08:00:00.000', 391.6, 1),
('2', '2023-03-19 08:00:00.000', 391.3, 0),
('2', '2023-03-20 08:00:00.000', 391.1, 1),
('2', '2023-03-21 08:00:00.000', 391.0, 1),
('2', '2023-03-22 08:00:00.000', 391.0, 0),
('2', '2023-03-23 08:00:00.000', 391.0, 1),
('2', '2023-03-24 08:00:00.000', 391.0, 1),
('2', '2023-03-25 08:00:00.000', 390.9, 0),
('2', '2023-03-26 08:00:00.000', 390.7, 0),
('2', '2023-03-27 08:00:00.000', 390.4, 1),
('2', '2023-03-28 08:00:00.000', 390.2, 1),
('2', '2023-03-29 08:00:00.000', 390.2, 0),
('2', '2023-03-30 08:00:00.000', 390.2, 0),
('2', '2023-03-31 08:00:00.000', 390.2, 1);


INSERT INTO dbo.Patient_Blood_Pressure (PatientID, DateTimeTaken, SystolicBloodPressureInMmHg, DiastolicBloodPressureInMmHg, IfManualInput)
VALUES ('1', '2023-01-01 08:00:00.000', 130, 71, 1),
('1', '2023-01-01 08:00:00.000', 129, 70, 1),
('1', '2023-01-02 08:00:00.000', 130, 71, 0),
('1', '2023-01-03 08:00:00.000', 131, 72, 1),
('1', '2023-01-04 08:00:00.000', 130, 71, 1),
('1', '2023-01-05 08:00:00.000', 129, 69, 1),
('1', '2023-01-06 08:00:00.000', 128, 70, 0),
('1', '2023-01-07 08:00:00.000', 125, 50, 0),
('1', '2023-01-08 08:00:00.000', 124, 55, 0),
('1', '2023-01-09 08:00:00.000', 119, 40, 1),
('1', '2023-01-10 08:00:00.000', 130, 78, 1),
('1', '2023-01-11 08:00:00.000', 129, 76, 0),
('1', '2023-01-12 08:00:00.000', 129, 77, 1),
('1', '2023-01-13 08:00:00.000', 120, 80, 1),
('1', '2023-01-14 08:00:00.000', 122, 55, 0),
('1', '2023-01-15 08:00:00.000', 124, 56, 0),
('1', '2023-01-16 08:00:00.000', 125, 55, 1),
('1', '2023-01-17 08:00:00.000', 126, 54, 1),
('1', '2023-01-18 08:00:00.000', 127, 53, 0),
('1', '2023-01-19 08:00:00.000', 128, 52, 1),
('1', '2023-01-20 08:00:00.000', 129, 51, 0),
('1', '2023-01-21 08:00:00.000', 126, 49, 1),
('1', '2023-01-22 08:00:00.000', 123, 50, 0),
('1', '2023-01-23 08:00:00.000', 123, 51, 1),
('1', '2023-01-24 08:00:00.000', 122, 51, 1),
('1', '2023-01-25 08:00:00.000', 110, 52, 1),
('1', '2023-01-26 08:00:00.000', 112, 53, 1),
('1', '2023-01-27 08:00:00.000', 113, 54, 0),
('1', '2023-01-28 08:00:00.000', 114, 55, 0),
('1', '2023-01-29 08:00:00.000', 115, 56, 1),
('1', '2023-01-30 08:00:00.000', 115, 57, 0),
('1', '2023-01-31 08:00:00.000', 115, 58, 0),
('2', '2023-03-01 08:00:00.000', 115, 59, 0),
('2', '2023-03-01 08:00:00.000', 117, 60, 1),
('2', '2023-03-02 08:00:00.000', 118, 61, 0),
('2', '2023-03-03 08:00:00.000', 117, 62, 0),
('2', '2023-03-04 08:00:00.000', 115, 63, 1),
('2', '2023-03-05 08:00:00.000', 112, 64, 1),
('2', '2023-03-06 08:00:00.000', 112, 66, 1),
('2', '2023-03-07 08:00:00.000', 119, 70, 0),
('2', '2023-03-08 08:00:00.000', 112, 71, 1),
('2', '2023-03-09 08:00:00.000', 123, 73, 0),
('2', '2023-03-10 08:00:00.000', 134, 72, 0),
('2', '2023-03-11 08:00:00.000', 123, 74, 1),
('2', '2023-03-12 08:00:00.000', 125, 76, 0),
('2', '2023-03-13 08:00:00.000', 123, 77, 0),
('2', '2023-03-14 08:00:00.000', 125, 80, 1),
('2', '2023-03-15 08:00:00.000', 125, 76, 1),
('2', '2023-03-16 08:00:00.000', 126, 74, 1),
('2', '2023-03-17 08:00:00.000', 127, 74, 0),
('2', '2023-03-18 08:00:00.000', 128, 74, 0),
('2', '2023-03-19 08:00:00.000', 129, 74, 0),
('2', '2023-03-20 08:00:00.000', 121, 70, 1),
('2', '2023-03-21 08:00:00.000', 123, 66, 1),
('2', '2023-03-22 08:00:00.000', 123, 67, 1),
('2', '2023-03-23 08:00:00.000', 126, 68, 0),
('2', '2023-03-24 08:00:00.000', 125, 65, 0),
('2', '2023-03-25 08:00:00.000', 126, 63, 0),
('2', '2023-03-26 08:00:00.000', 127, 68, 1),
('2', '2023-03-27 08:00:00.000', 128, 67, 1),
('2', '2023-03-28 08:00:00.000', 129, 66, 0),
('2', '2023-03-29 08:00:00.000', 123, 64, 0),
('2', '2023-03-30 08:00:00.000', 122, 62, 1),
('2', '2023-03-31 08:00:00.000', 121, 64, 1);


INSERT INTO dbo.Patinet_Blood_Oxygen (PatientID, DateTimeTaken, BloodOxygenLevelInPercentage, IfManualInput)
VALUES ('1', '2023-01-01 08:00:00.000', 98, 1),
('1', '2023-01-01 08:00:00.000', 97, 1),
('1', '2023-01-02 08:00:00.000', 97, 0),
('1', '2023-01-03 08:00:00.000', 97, 1),
('1', '2023-01-04 08:00:00.000', 98, 1),
('1', '2023-01-05 08:00:00.000', 96, 0),
('1', '2023-01-06 08:00:00.000', 80, 1),
('1', '2023-01-07 08:00:00.000', 81, 1),
('1', '2023-01-08 08:00:00.000', 82, 0),
('1', '2023-01-09 08:00:00.000', 86, 1),
('1', '2023-01-10 08:00:00.000', 89, 1),
('1', '2023-01-11 08:00:00.000', 90, 0),
('1', '2023-01-12 08:00:00.000', 91, 1),
('1', '2023-01-13 08:00:00.000', 92, 0),
('1', '2023-01-14 08:00:00.000', 92, 0),
('1', '2023-01-15 08:00:00.000', 91, 0),
('1', '2023-01-16 08:00:00.000', 91, 1),
('1', '2023-01-17 08:00:00.000', 94, 1),
('1', '2023-01-18 08:00:00.000', 93, 1),
('1', '2023-01-19 08:00:00.000', 94, 0),
('1', '2023-01-20 08:00:00.000', 92, 1),
('1', '2023-01-21 08:00:00.000', 94, 1),
('1', '2023-01-22 08:00:00.000', 98, 0),
('1', '2023-01-23 08:00:00.000', 95, 1),
('1', '2023-01-24 08:00:00.000', 97, 1),
('1', '2023-01-25 08:00:00.000', 99, 0),
('1', '2023-01-26 08:00:00.000', 80, 0),
('1', '2023-01-27 08:00:00.000', 82, 1),
('1', '2023-01-28 08:00:00.000', 84, 1),
('1', '2023-01-29 08:00:00.000', 85, 0),
('1', '2023-01-30 08:00:00.000', 83, 0),
('1', '2023-01-31 08:00:00.000', 84, 1),
('2', '2023-03-01 08:00:00.000', 88, 1),
('2', '2023-03-01 08:00:00.000', 89, 1),
('2', '2023-03-02 08:00:00.000', 90, 0),
('2', '2023-03-03 08:00:00.000', 89, 1),
('2', '2023-03-04 08:00:00.000', 95, 1),
('2', '2023-03-05 08:00:00.000', 90, 0),
('2', '2023-03-06 08:00:00.000', 91, 1),
('2', '2023-03-07 08:00:00.000', 91, 1),
('2', '2023-03-08 08:00:00.000', 91, 0),
('2', '2023-03-09 08:00:00.000', 96, 1),
('2', '2023-03-10 08:00:00.000', 97, 1),
('2', '2023-03-11 08:00:00.000', 93, 0),
('2', '2023-03-12 08:00:00.000', 97, 1),
('2', '2023-03-13 08:00:00.000', 99, 0),
('2', '2023-03-14 08:00:00.000', 92, 0),
('2', '2023-03-15 08:00:00.000', 94, 0),
('2', '2023-03-16 08:00:00.000', 93, 1),
('1', '2023-03-17 08:00:00.000', 92, 1),
('1', '2023-03-18 08:00:00.000', 95, 1),
('2', '2023-03-19 08:00:00.000', 88, 0),
('2', '2023-03-20 08:00:00.000', 92, 1),
('2', '2023-03-21 08:00:00.000', 95, 1),
('2', '2023-03-22 08:00:00.000', 96, 0),
('2', '2023-03-23 08:00:00.000', 93, 1),
('2', '2023-03-24 08:00:00.000', 98, 1),
('2', '2023-03-25 08:00:00.000', 92, 0),
('2', '2023-03-26 08:00:00.000', 92, 0),
('2', '2023-03-27 08:00:00.000', 93, 1),
('2', '2023-03-28 08:00:00.000', 96, 1),
('2', '2023-03-29 08:00:00.000', 92, 0),
('2', '2023-03-30 08:00:00.000', 91, 0),
('2', '2023-03-31 08:00:00.000', 90, 1);


INSERT INTO dbo.Patinet_Heart_Rate (PatientID, DateTimeTaken, HeartRateInBPM, IfManualInput)
VALUES ('1', '2023-01-01 08:00:00.000', 98, 1),
('1', '2023-01-01 08:00:00.000', 97, 1),
('1', '2023-01-02 08:00:00.000', 97, 0),
('1', '2023-01-03 08:00:00.000', 123, 1),
('1', '2023-01-04 08:00:00.000', 124, 1),
('1', '2023-01-05 08:00:00.000', 96, 0),
('1', '2023-01-06 08:00:00.000', 80, 1),
('1', '2023-01-07 08:00:00.000', 81, 1),
('1', '2023-01-08 08:00:00.000', 100, 0),
('1', '2023-01-09 08:00:00.000', 86, 1),
('1', '2023-01-10 08:00:00.000', 121, 1),
('1', '2023-01-11 08:00:00.000', 90, 0),
('1', '2023-01-12 08:00:00.000', 91, 1),
('1', '2023-01-13 08:00:00.000', 134, 0),
('1', '2023-01-14 08:00:00.000', 92, 0),
('1', '2023-01-15 08:00:00.000', 91, 0),
('1', '2023-01-16 08:00:00.000', 134, 1),
('1', '2023-01-17 08:00:00.000', 94, 1),
('1', '2023-01-18 08:00:00.000', 93, 1),
('1', '2023-01-19 08:00:00.000', 110, 0),
('1', '2023-01-20 08:00:00.000', 92, 1),
('1', '2023-01-21 08:00:00.000', 190, 1),
('1', '2023-01-22 08:00:00.000', 98, 0),
('1', '2023-01-23 08:00:00.000', 95, 1),
('1', '2023-01-24 08:00:00.000', 123, 1),
('1', '2023-01-25 08:00:00.000', 99, 0),
('1', '2023-01-26 08:00:00.000', 80, 0),
('1', '2023-01-27 08:00:00.000', 150, 1),
('1', '2023-01-28 08:00:00.000', 180, 1),
('1', '2023-01-29 08:00:00.000', 85, 0),
('1', '2023-01-30 08:00:00.000', 124, 0),
('1', '2023-01-31 08:00:00.000', 84, 1),
('2', '2023-03-01 08:00:00.000', 88, 1),
('2', '2023-03-01 08:00:00.000', 89, 1),
('2', '2023-03-02 08:00:00.000', 90, 0),
('2', '2023-03-03 08:00:00.000', 89, 1),
('2', '2023-03-04 08:00:00.000', 125, 1),
('2', '2023-03-05 08:00:00.000', 90, 0),
('2', '2023-03-06 08:00:00.000', 91, 1),
('2', '2023-03-07 08:00:00.000', 191, 1),
('2', '2023-03-08 08:00:00.000', 91, 0),
('2', '2023-03-09 08:00:00.000', 96, 1),
('2', '2023-03-10 08:00:00.000', 97, 1),
('2', '2023-03-11 08:00:00.000', 193, 0),
('2', '2023-03-12 08:00:00.000', 97, 1),
('2', '2023-03-13 08:00:00.000', 99, 0),
('2', '2023-03-14 08:00:00.000', 192, 0),
('2', '2023-03-15 08:00:00.000', 94, 0),
('2', '2023-03-16 08:00:00.000', 93, 1),
('1', '2023-03-17 08:00:00.000', 92, 1),
('1', '2023-03-18 08:00:00.000', 95, 1),
('2', '2023-03-19 08:00:00.000', 88, 0),
('2', '2023-03-20 08:00:00.000', 92, 1),
('2', '2023-03-21 08:00:00.000', 95, 1),
('2', '2023-03-22 08:00:00.000', 96, 0),
('2', '2023-03-23 08:00:00.000', 93, 1),
('2', '2023-03-24 08:00:00.000', 98, 1),
('2', '2023-03-25 08:00:00.000', 92, 0),
('2', '2023-03-26 08:00:00.000', 92, 0),
('2', '2023-03-27 08:00:00.000', 93, 1),
('2', '2023-03-28 08:00:00.000', 96, 1),
('2', '2023-03-29 08:00:00.000', 92, 0),
('2', '2023-03-30 08:00:00.000', 91, 0),
('2', '2023-03-31 08:00:00.000', 90, 1);