INSERT INTO dbo.Patient_Info (PatientID, FirstName, LastName, DateOfBirth)
VALUES ('1', 'John', 'Smith', '2001-01-01'),
        ('2', 'Noah', 'Johnson', '1994-05-21'),
        ('3', 'David', 'Brown', '1987-02-12'),
        ('4', 'Paul', 'Williams', '1965-12-04');

INSERT INTO dbo.Patient_Weight (PatientID, DateTimeTaken, WeightInPounds, IfManualInput)
VALUES ('1', '2023-01-01 08:00:00.000', 190.2, 1),
('1', '2023-01-01 08:00:00.000', 190.2, 1),
('1', '2023-01-02 08:00:00.000', 190.4, 0),
('1', '2023-01-03 08:00:00.000', 190.6, 1),
('1', '2023-01-04 08:00:00.000', 190.8, 1),
('1', '2023-01-05 08:00:00.000', 190.9, 0),
('1', '2023-01-06 08:00:00.000', 191.4, 1),
('1', '2023-01-07 08:00:00.000', 191.2, 1),
('1', '2023-01-08 08:00:00.000', 191.0, 0),
('1', '2023-01-09 08:00:00.000', 190.0, 1),
('1', '2023-01-10 08:00:00.000', 190.0, 1),
('1', '2023-01-11 08:00:00.000', 190.0, 0),
('1', '2023-01-12 08:00:00.000', 190.2, 1),
('1', '2023-01-13 08:00:00.000', 190.2, 0),
('1', '2023-01-14 08:00:00.000', 190.2, 0),
('1', '2023-01-15 08:00:00.000', 191.0, 0),
('1', '2023-01-16 08:00:00.000', 191.1, 1),
('1', '2023-01-17 08:00:00.000', 191.3, 1),
('1', '2023-01-18 08:00:00.000', 191.6, 1),
('1', '2023-01-19 08:00:00.000', 191.3, 0),
('1', '2023-01-20 08:00:00.000', 191.1, 1),
('1', '2023-01-21 08:00:00.000', 191.0, 1),
('1', '2023-01-22 08:00:00.000', 191.0, 0),
('1', '2023-01-23 08:00:00.000', 191.0, 1),
('1', '2023-01-24 08:00:00.000', 191.0, 1),
('1', '2023-01-25 08:00:00.000', 190.9, 0),
('1', '2023-01-26 08:00:00.000', 190.7, 0),
('1', '2023-01-27 08:00:00.000', 190.4, 1),
('1', '2023-01-28 08:00:00.000', 190.2, 1),
('1', '2023-01-29 08:00:00.000', 190.2, 0),
('1', '2023-01-30 08:00:00.000', 190.2, 0),
('1', '2023-01-31 08:00:00.000', 190.2, 1),
('2', '2023-03-01 08:00:00.000', 390.2, 1),
('2', '2023-03-01 08:00:00.000', 390.2, 1),
('2', '2023-03-02 08:00:00.000', 390.4, 0),
('2', '2023-03-03 08:00:00.000', 390.6, 1),
('2', '2023-03-04 08:00:00.000', 390.8, 1),
('2', '2023-03-05 08:00:00.000', 390.9, 0),
('2', '2023-03-06 08:00:00.000', 391.4, 1),
('2', '2023-03-07 08:00:00.000', 391.2, 1),
('2', '2023-03-08 08:00:00.000', 391.0, 0),
('2', '2023-03-09 08:00:00.000', 390.0, 1),
('2', '2023-03-10 08:00:00.000', 390.0, 1),
('2', '2023-03-11 08:00:00.000', 390.0, 0),
('2', '2023-03-12 08:00:00.000', 390.2, 1),
('2', '2023-03-13 08:00:00.000', 390.2, 0),
('2', '2023-03-14 08:00:00.000', 390.2, 0),
('2', '2023-03-15 08:00:00.000', 391.0, 0),
('2', '2023-03-16 08:00:00.000', 391.1, 1),
('1', '2023-03-17 08:00:00.000', 391.3, 1),
('1', '2023-03-18 08:00:00.000', 391.6, 1),
('2', '2023-03-19 08:00:00.000', 391.3, 0),
('2', '2023-03-20 08:00:00.000', 391.1, 1),
('2', '2023-03-21 08:00:00.000', 391.0, 1),
('2', '2023-03-22 08:00:00.000', 391.0, 0),
('2', '2023-03-23 08:00:00.000', 391.0, 1),
('2', '2023-03-24 08:00:00.000', 391.0, 1),
('2', '2023-03-25 08:00:00.000', 390.9, 0),
('2', '2023-03-26 08:00:00.000', 390.7, 0),
('2', '2023-03-27 08:00:00.000', 390.4, 1),
('2', '2023-03-28 08:00:00.000', 390.2, 1),
('2', '2023-03-29 08:00:00.000', 390.2, 0),
('2', '2023-03-30 08:00:00.000', 390.2, 0),
('2', '2023-03-31 08:00:00.000', 390.2, 1);


INSERT INTO dbo.Patient_Blood_Pressure (PatientID, DateTimeTaken, SystolicBloodPressureInMmHg, DiastolicBloodPressureInMmHg, IfManualInput)
VALUES ('1', '2023-01-01 08:00:00.000', 130, 71, 1),
('1', '2023-01-01 08:00:00.000', 129, 70, 1),
('1', '2023-01-02 08:00:00.000', 130, 71, 0),
('1', '2023-01-03 08:00:00.000', 131, 72, 1),
('1', '2023-01-04 08:00:00.000', 130, 71, 1),
('1', '2023-01-05 08:00:00.000', 190.9, 0),
('1', '2023-01-06 08:00:00.000', 191.4, 1),
('1', '2023-01-07 08:00:00.000', 191.2, 1),
('1', '2023-01-08 08:00:00.000', 191.0, 0),
('1', '2023-01-09 08:00:00.000', 190.0, 1),
('1', '2023-01-10 08:00:00.000', 190.0, 1),
('1', '2023-01-11 08:00:00.000', 190.0, 0),
('1', '2023-01-12 08:00:00.000', 190.2, 1),
('1', '2023-01-13 08:00:00.000', 190.2, 0),
('1', '2023-01-14 08:00:00.000', 190.2, 0),
('1', '2023-01-15 08:00:00.000', 191.0, 0),
('1', '2023-01-16 08:00:00.000', 191.1, 1),
('1', '2023-01-17 08:00:00.000', 191.3, 1),
('1', '2023-01-18 08:00:00.000', 191.6, 1),
('1', '2023-01-19 08:00:00.000', 191.3, 0),
('1', '2023-01-20 08:00:00.000', 191.1, 1),
('1', '2023-01-21 08:00:00.000', 191.0, 1),
('1', '2023-01-22 08:00:00.000', 191.0, 0),
('1', '2023-01-23 08:00:00.000', 191.0, 1),
('1', '2023-01-24 08:00:00.000', 191.0, 1),
('1', '2023-01-25 08:00:00.000', 190.9, 0),
('1', '2023-01-26 08:00:00.000', 190.7, 0),
('1', '2023-01-27 08:00:00.000', 190.4, 1),
('1', '2023-01-28 08:00:00.000', 190.2, 1),
('1', '2023-01-29 08:00:00.000', 190.2, 0),
('1', '2023-01-30 08:00:00.000', 190.2, 0),
('1', '2023-01-31 08:00:00.000', 190.2, 1),
('2', '2023-03-01 08:00:00.000', 390.2, 1),
('2', '2023-03-01 08:00:00.000', 390.2, 1),
('2', '2023-03-02 08:00:00.000', 390.4, 0),
('2', '2023-03-03 08:00:00.000', 390.6, 1),
('2', '2023-03-04 08:00:00.000', 390.8, 1),
('2', '2023-03-05 08:00:00.000', 390.9, 0),
('2', '2023-03-06 08:00:00.000', 391.4, 1),
('2', '2023-03-07 08:00:00.000', 391.2, 1),
('2', '2023-03-08 08:00:00.000', 391.0, 0),
('2', '2023-03-09 08:00:00.000', 390.0, 1),
('2', '2023-03-10 08:00:00.000', 390.0, 1),
('2', '2023-03-11 08:00:00.000', 390.0, 0),
('2', '2023-03-12 08:00:00.000', 390.2, 1),
('2', '2023-03-13 08:00:00.000', 390.2, 0),
('2', '2023-03-14 08:00:00.000', 390.2, 0),
('2', '2023-03-15 08:00:00.000', 391.0, 0),
('2', '2023-03-16 08:00:00.000', 391.1, 1),
('1', '2023-03-17 08:00:00.000', 391.3, 1),
('1', '2023-03-18 08:00:00.000', 391.6, 1),
('2', '2023-03-19 08:00:00.000', 391.3, 0),
('2', '2023-03-20 08:00:00.000', 391.1, 1),
('2', '2023-03-21 08:00:00.000', 391.0, 1),
('2', '2023-03-22 08:00:00.000', 391.0, 0),
('2', '2023-03-23 08:00:00.000', 391.0, 1),
('2', '2023-03-24 08:00:00.000', 391.0, 1),
('2', '2023-03-25 08:00:00.000', 390.9, 0),
('2', '2023-03-26 08:00:00.000', 390.7, 0),
('2', '2023-03-27 08:00:00.000', 390.4, 1),
('2', '2023-03-28 08:00:00.000', 390.2, 1),
('2', '2023-03-29 08:00:00.000', 390.2, 0),
('2', '2023-03-30 08:00:00.000', 390.2, 0),
('2', '2023-03-31 08:00:00.000', 390.2, 1);
