{
    "$schema": "https://schema.management.azure.com/schemas/2019-04-01/deploymentTemplate.json#",
    "contentVersion": "1.0.0.0",
    "parameters": {
        "servers_hospital_at_home_name": {
            "defaultValue": "hospital-at-home",
            "type": "String"
        }
    },
    "variables": {},
    "resources": [
        {
            "type": "Microsoft.Sql/servers/databases",
            "apiVersion": "2023-02-01-preview",
            "name": "[concat(parameters('servers_hospital_at_home_name'), '/', parameters('servers_hospital_at_home_name'), '-db')]",
            "location": "eastus",
            "sku": {
                "name": "Standard",
                "tier": "Standard",
                "capacity": 10
            },
            "kind": "v12.0,user",
            "properties": {
                "collation": "SQL_Latin1_General_CP1_CI_AS",
                "maxSizeBytes": 268435456000,
                "catalogCollation": "SQL_Latin1_General_CP1_CI_AS",
                "zoneRedundant": false,
                "readScale": "Disabled",
                "requestedBackupStorageRedundancy": "Geo",
                "maintenanceConfigurationId": "/subscriptions/16017e68-b049-4b34-8bad-20bb841b242d/providers/Microsoft.Maintenance/publicMaintenanceConfigurations/SQL_Default",
                "isLedgerOn": false,
                "preferredEnclaveType": "VBS",
                "availabilityZone": "NoPreference"
            }
        },
        {
            "type": "Microsoft.Sql/servers/databases/advancedThreatProtectionSettings",
            "apiVersion": "2023-02-01-preview",
            "name": "[concat(parameters('servers_hospital_at_home_name'), '/', parameters('servers_hospital_at_home_name'), '-db/Default')]",
            "dependsOn": [
                "[resourceId('Microsoft.Sql/servers/databases', parameters('servers_hospital_at_home_name'), concat(parameters('servers_hospital_at_home_name'), '-db'))]"
            ],
            "properties": {
                "state": "Disabled"
            }
        },
        {
            "type": "Microsoft.Sql/servers/databases/advisors",
            "apiVersion": "2014-04-01",
            "name": "[concat(parameters('servers_hospital_at_home_name'), '/', parameters('servers_hospital_at_home_name'), '-db/CreateIndex')]",
            "dependsOn": [
                "[resourceId('Microsoft.Sql/servers/databases', parameters('servers_hospital_at_home_name'), concat(parameters('servers_hospital_at_home_name'), '-db'))]"
            ],
            "properties": {
                "autoExecuteValue": "Disabled"
            }
        },
        {
            "type": "Microsoft.Sql/servers/databases/advisors",
            "apiVersion": "2014-04-01",
            "name": "[concat(parameters('servers_hospital_at_home_name'), '/', parameters('servers_hospital_at_home_name'), '-db/DbParameterization')]",
            "dependsOn": [
                "[resourceId('Microsoft.Sql/servers/databases', parameters('servers_hospital_at_home_name'), concat(parameters('servers_hospital_at_home_name'), '-db'))]"
            ],
            "properties": {
                "autoExecuteValue": "Disabled"
            }
        },
        {
            "type": "Microsoft.Sql/servers/databases/advisors",
            "apiVersion": "2014-04-01",
            "name": "[concat(parameters('servers_hospital_at_home_name'), '/', parameters('servers_hospital_at_home_name'), '-db/DefragmentIndex')]",
            "dependsOn": [
                "[resourceId('Microsoft.Sql/servers/databases', parameters('servers_hospital_at_home_name'), concat(parameters('servers_hospital_at_home_name'), '-db'))]"
            ],
            "properties": {
                "autoExecuteValue": "Disabled"
            }
        },
        {
            "type": "Microsoft.Sql/servers/databases/advisors",
            "apiVersion": "2014-04-01",
            "name": "[concat(parameters('servers_hospital_at_home_name'), '/', parameters('servers_hospital_at_home_name'), '-db/DropIndex')]",
            "dependsOn": [
                "[resourceId('Microsoft.Sql/servers/databases', parameters('servers_hospital_at_home_name'), concat(parameters('servers_hospital_at_home_name'), '-db'))]"
            ],
            "properties": {
                "autoExecuteValue": "Disabled"
            }
        },
        {
            "type": "Microsoft.Sql/servers/databases/advisors",
            "apiVersion": "2014-04-01",
            "name": "[concat(parameters('servers_hospital_at_home_name'), '/', parameters('servers_hospital_at_home_name'), '-db/ForceLastGoodPlan')]",
            "dependsOn": [
                "[resourceId('Microsoft.Sql/servers/databases', parameters('servers_hospital_at_home_name'), concat(parameters('servers_hospital_at_home_name'), '-db'))]"
            ],
            "properties": {
                "autoExecuteValue": "Enabled"
            }
        },
        {
            "type": "Microsoft.Sql/servers/databases/auditingPolicies",
            "apiVersion": "2014-04-01",
            "name": "[concat(parameters('servers_hospital_at_home_name'), '/', parameters('servers_hospital_at_home_name'), '-db/Default')]",
            "location": "East US",
            "dependsOn": [
                "[resourceId('Microsoft.Sql/servers/databases', parameters('servers_hospital_at_home_name'), concat(parameters('servers_hospital_at_home_name'), '-db'))]"
            ],
            "properties": {
                "auditingState": "Disabled"
            }
        },
        {
            "type": "Microsoft.Sql/servers/databases/auditingSettings",
            "apiVersion": "2023-02-01-preview",
            "name": "[concat(parameters('servers_hospital_at_home_name'), '/', parameters('servers_hospital_at_home_name'), '-db/Default')]",
            "dependsOn": [
                "[resourceId('Microsoft.Sql/servers/databases', parameters('servers_hospital_at_home_name'), concat(parameters('servers_hospital_at_home_name'), '-db'))]"
            ],
            "properties": {
                "retentionDays": 0,
                "isAzureMonitorTargetEnabled": false,
                "state": "Disabled",
                "storageAccountSubscriptionId": "00000000-0000-0000-0000-000000000000"
            }
        },
        {
            "type": "Microsoft.Sql/servers/databases/backupLongTermRetentionPolicies",
            "apiVersion": "2023-02-01-preview",
            "name": "[concat(parameters('servers_hospital_at_home_name'), '/', parameters('servers_hospital_at_home_name'), '-db/default')]",
            "dependsOn": [
                "[resourceId('Microsoft.Sql/servers/databases', parameters('servers_hospital_at_home_name'), concat(parameters('servers_hospital_at_home_name'), '-db'))]"
            ],
            "properties": {
                "makeBackupsImmutable": false,
                "weeklyRetention": "PT0S",
                "monthlyRetention": "PT0S",
                "yearlyRetention": "PT0S",
                "weekOfYear": 0
            }
        },
        {
            "type": "Microsoft.Sql/servers/databases/backupShortTermRetentionPolicies",
            "apiVersion": "2023-02-01-preview",
            "name": "[concat(parameters('servers_hospital_at_home_name'), '/', parameters('servers_hospital_at_home_name'), '-db/default')]",
            "dependsOn": [
                "[resourceId('Microsoft.Sql/servers/databases', parameters('servers_hospital_at_home_name'), concat(parameters('servers_hospital_at_home_name'), '-db'))]"
            ],
            "properties": {
                "retentionDays": 7,
                "diffBackupIntervalInHours": 24
            }
        },
        {
            "type": "Microsoft.Sql/servers/databases/extendedAuditingSettings",
            "apiVersion": "2023-02-01-preview",
            "name": "[concat(parameters('servers_hospital_at_home_name'), '/', parameters('servers_hospital_at_home_name'), '-db/Default')]",
            "dependsOn": [
                "[resourceId('Microsoft.Sql/servers/databases', parameters('servers_hospital_at_home_name'), concat(parameters('servers_hospital_at_home_name'), '-db'))]"
            ],
            "properties": {
                "retentionDays": 0,
                "isAzureMonitorTargetEnabled": false,
                "state": "Disabled",
                "storageAccountSubscriptionId": "00000000-0000-0000-0000-000000000000"
            }
        },
        {
            "type": "Microsoft.Sql/servers/databases/geoBackupPolicies",
            "apiVersion": "2023-02-01-preview",
            "name": "[concat(parameters('servers_hospital_at_home_name'), '/', parameters('servers_hospital_at_home_name'), '-db/Default')]",
            "dependsOn": [
                "[resourceId('Microsoft.Sql/servers/databases', parameters('servers_hospital_at_home_name'), concat(parameters('servers_hospital_at_home_name'), '-db'))]"
            ],
            "properties": {
                "state": "Enabled"
            }
        },
        {
            "type": "Microsoft.Sql/servers/databases/ledgerDigestUploads",
            "apiVersion": "2023-02-01-preview",
            "name": "[concat(parameters('servers_hospital_at_home_name'), '/', parameters('servers_hospital_at_home_name'), '-db/Current')]",
            "dependsOn": [
                "[resourceId('Microsoft.Sql/servers/databases', parameters('servers_hospital_at_home_name'), concat(parameters('servers_hospital_at_home_name'), '-db'))]"
            ],
            "properties": {}
        },
        {
            "type": "Microsoft.Sql/servers/databases/securityAlertPolicies",
            "apiVersion": "2023-02-01-preview",
            "name": "[concat(parameters('servers_hospital_at_home_name'), '/', parameters('servers_hospital_at_home_name'), '-db/Default')]",
            "dependsOn": [
                "[resourceId('Microsoft.Sql/servers/databases', parameters('servers_hospital_at_home_name'), concat(parameters('servers_hospital_at_home_name'), '-db'))]"
            ],
            "properties": {
                "state": "Disabled",
                "disabledAlerts": [
                    ""
                ],
                "emailAddresses": [
                    ""
                ],
                "emailAccountAdmins": false,
                "retentionDays": 0
            }
        },
        {
            "type": "Microsoft.Sql/servers/databases/transparentDataEncryption",
            "apiVersion": "2023-02-01-preview",
            "name": "[concat(parameters('servers_hospital_at_home_name'), '/', parameters('servers_hospital_at_home_name'), '-db/Current')]",
            "dependsOn": [
                "[resourceId('Microsoft.Sql/servers/databases', parameters('servers_hospital_at_home_name'), concat(parameters('servers_hospital_at_home_name'), '-db'))]"
            ],
            "properties": {
                "state": "Enabled"
            }
        },
        {
            "type": "Microsoft.Sql/servers/databases/vulnerabilityAssessments",
            "apiVersion": "2023-02-01-preview",
            "name": "[concat(parameters('servers_hospital_at_home_name'), '/', parameters('servers_hospital_at_home_name'), '-db/Default')]",
            "dependsOn": [
                "[resourceId('Microsoft.Sql/servers/databases', parameters('servers_hospital_at_home_name'), concat(parameters('servers_hospital_at_home_name'), '-db'))]"
            ],
            "properties": {
                "recurringScans": {
                    "isEnabled": false,
                    "emailSubscriptionAdmins": true
                }
            }
        }
    ]
}